{
  "disableSources": true,
  "entryPoints": ["src/index.ts"],
  "excludeExternals": true,
  "excludePrivate": true,
  "excludeProtected": true,
  "includeVersion": true,
  "out": "api-docs",
  "theme": "pages-plugin",
  "media": "media",
  "pages": {
    "groups": [
      {
        "title": "Getting Started",
        "pages": [
          {
            "title": "Installation",
            "source": "./docs/getting-started/installation.md"
          },
          {
            "title": "Creating a Client",
            "source": "./docs/getting-started/creating-client.md"
          },
          {
            "title": "Basic Functions",
            "source": "./docs/getting-started/basic-functions.md"
          }
        ]
      }
    ]
  }
}
